name	type	units	low_cutoff	high_cutoff	sampling_frequency	group	description	source_origChannel	source_electrode_row
NLX-microwires-131	SEEG	µV	n/a	n/a	200	amygdala_left	Microwire local field potential: one 40-µm microwire of the Behnke-Fried micro inner-wire bundle (8 microwires per hybrid depth electrode, Ad-Tech Medical), recorded with Neuralynx ATLAS; LFP series acquisition/LFPs of the source NWB	131.0	0
NLX-microwires-136	SEEG	µV	n/a	n/a	200	amygdala_left	Microwire local field potential: one 40-µm microwire of the Behnke-Fried micro inner-wire bundle (8 microwires per hybrid depth electrode, Ad-Tech Medical), recorded with Neuralynx ATLAS; LFP series acquisition/LFPs of the source NWB	136.0	1
NLX-microwires-138	SEEG	µV	n/a	n/a	200	hippocampus_left	Microwire local field potential: one 40-µm microwire of the Behnke-Fried micro inner-wire bundle (8 microwires per hybrid depth electrode, Ad-Tech Medical), recorded with Neuralynx ATLAS; LFP series acquisition/LFPs of the source NWB	138.0	2
NLX-microwires-139	SEEG	µV	n/a	n/a	200	hippocampus_left	Microwire local field potential: one 40-µm microwire of the Behnke-Fried micro inner-wire bundle (8 microwires per hybrid depth electrode, Ad-Tech Medical), recorded with Neuralynx ATLAS; LFP series acquisition/LFPs of the source NWB	139.0	3
NLX-microwires-140	SEEG	µV	n/a	n/a	200	hippocampus_left	Microwire local field potential: one 40-µm microwire of the Behnke-Fried micro inner-wire bundle (8 microwires per hybrid depth electrode, Ad-Tech Medical), recorded with Neuralynx ATLAS; LFP series acquisition/LFPs of the source NWB	140.0	4
NLX-microwires-141	SEEG	µV	n/a	n/a	200	hippocampus_left	Microwire local field potential: one 40-µm microwire of the Behnke-Fried micro inner-wire bundle (8 microwires per hybrid depth electrode, Ad-Tech Medical), recorded with Neuralynx ATLAS; LFP series acquisition/LFPs of the source NWB	141.0	5
NLX-microwires-143	SEEG	µV	n/a	n/a	200	hippocampus_left	Microwire local field potential: one 40-µm microwire of the Behnke-Fried micro inner-wire bundle (8 microwires per hybrid depth electrode, Ad-Tech Medical), recorded with Neuralynx ATLAS; LFP series acquisition/LFPs of the source NWB	143.0	6
NLX-microwires-170	SEEG	µV	n/a	n/a	200	parahippocampal_gyrus_right	Microwire local field potential: one 40-µm microwire of the Behnke-Fried micro inner-wire bundle (8 microwires per hybrid depth electrode, Ad-Tech Medical), recorded with Neuralynx ATLAS; LFP series acquisition/LFPs of the source NWB	170.0	7
NLX-microwires-172	SEEG	µV	n/a	n/a	200	parahippocampal_gyrus_right	Microwire local field potential: one 40-µm microwire of the Behnke-Fried micro inner-wire bundle (8 microwires per hybrid depth electrode, Ad-Tech Medical), recorded with Neuralynx ATLAS; LFP series acquisition/LFPs of the source NWB	172.0	8
NLX-microwires-178	SEEG	µV	n/a	n/a	200	amygdala_right	Microwire local field potential: one 40-µm microwire of the Behnke-Fried micro inner-wire bundle (8 microwires per hybrid depth electrode, Ad-Tech Medical), recorded with Neuralynx ATLAS; LFP series acquisition/LFPs of the source NWB	178.0	9
NLX-microwires-179	SEEG	µV	n/a	n/a	200	amygdala_right	Microwire local field potential: one 40-µm microwire of the Behnke-Fried micro inner-wire bundle (8 microwires per hybrid depth electrode, Ad-Tech Medical), recorded with Neuralynx ATLAS; LFP series acquisition/LFPs of the source NWB	179.0	10
NLX-microwires-180	SEEG	µV	n/a	n/a	200	amygdala_right	Microwire local field potential: one 40-µm microwire of the Behnke-Fried micro inner-wire bundle (8 microwires per hybrid depth electrode, Ad-Tech Medical), recorded with Neuralynx ATLAS; LFP series acquisition/LFPs of the source NWB	180.0	11
NLX-microwires-182	SEEG	µV	n/a	n/a	200	amygdala_right	Microwire local field potential: one 40-µm microwire of the Behnke-Fried micro inner-wire bundle (8 microwires per hybrid depth electrode, Ad-Tech Medical), recorded with Neuralynx ATLAS; LFP series acquisition/LFPs of the source NWB	182.0	12
NLX-microwires-183	SEEG	µV	n/a	n/a	200	amygdala_right	Microwire local field potential: one 40-µm microwire of the Behnke-Fried micro inner-wire bundle (8 microwires per hybrid depth electrode, Ad-Tech Medical), recorded with Neuralynx ATLAS; LFP series acquisition/LFPs of the source NWB	183.0	13
NLX-microwires-188	SEEG	µV	n/a	n/a	200	hippocampus_right	Microwire local field potential: one 40-µm microwire of the Behnke-Fried micro inner-wire bundle (8 microwires per hybrid depth electrode, Ad-Tech Medical), recorded with Neuralynx ATLAS; LFP series acquisition/LFPs of the source NWB	188.0	14
NLX-microwires-190	SEEG	µV	n/a	n/a	200	hippocampus_right	Microwire local field potential: one 40-µm microwire of the Behnke-Fried micro inner-wire bundle (8 microwires per hybrid depth electrode, Ad-Tech Medical), recorded with Neuralynx ATLAS; LFP series acquisition/LFPs of the source NWB	190.0	15
NLX-microwires-191	SEEG	µV	n/a	n/a	200	hippocampus_right	Microwire local field potential: one 40-µm microwire of the Behnke-Fried micro inner-wire bundle (8 microwires per hybrid depth electrode, Ad-Tech Medical), recorded with Neuralynx ATLAS; LFP series acquisition/LFPs of the source NWB	191.0	16
NLX-microwires-192	SEEG	µV	n/a	n/a	200	hippocampus_right	Microwire local field potential: one 40-µm microwire of the Behnke-Fried micro inner-wire bundle (8 microwires per hybrid depth electrode, Ad-Tech Medical), recorded with Neuralynx ATLAS; LFP series acquisition/LFPs of the source NWB	192.0	17
