name	x	y	z	size	location	source_origChannel
NLX-microwires-130	n/a	n/a	n/a	n/a	ventral_medial_prefrontal_cortex_left	130.0
NLX-microwires-133	n/a	n/a	n/a	n/a	ventral_medial_prefrontal_cortex_left	133.0
NLX-microwires-142	9.02	15.72	29.33	n/a	dorsal_anterior_cingulate_cortex_right	142.0
NLX-microwires-146	5.69	16.28	49.18	n/a	pre_supplementary_motor_area_right	146.0
NLX-microwires-150	5.69	16.28	49.18	n/a	pre_supplementary_motor_area_right	150.0
NLX-microwires-153	31.39	-6.91	-20.12	n/a	amygdala_right	153.0
NLX-microwires-154	31.39	-6.91	-20.12	n/a	amygdala_right	154.0
NLX-microwires-155	31.39	-6.91	-20.12	n/a	amygdala_right	155.0
NLX-microwires-156	31.39	-6.91	-20.12	n/a	amygdala_right	156.0
NLX-microwires-157	31.39	-6.91	-20.12	n/a	amygdala_right	157.0
NLX-microwires-158	31.39	-6.91	-20.12	n/a	amygdala_right	158.0
NLX-microwires-159	31.39	-6.91	-20.12	n/a	amygdala_right	159.0
NLX-microwires-160	31.39	-6.91	-20.12	n/a	amygdala_right	160.0
NLX-microwires-161	31.39	-6.91	-20.12	n/a	amygdala_right	161.0
NLX-microwires-162	31.39	-6.91	-20.12	n/a	amygdala_right	162.0
NLX-microwires-185	34.7	-26.87	-6.36	n/a	hippocampus_right	185.0
NLX-microwires-186	34.7	-26.87	-6.36	n/a	hippocampus_right	186.0
NLX-microwires-187	34.7	-26.87	-6.36	n/a	hippocampus_right	187.0
NLX-microwires-188	34.7	-26.87	-6.36	n/a	hippocampus_right	188.0
NLX-microwires-189	34.7	-26.87	-6.36	n/a	hippocampus_right	189.0
NLX-microwires-191	34.7	-26.87	-6.36	n/a	hippocampus_right	191.0
NLX-microwires-192	34.7	-26.87	-6.36	n/a	hippocampus_right	192.0
